{
  "project_info": {
    "project_number": "185403653434",
    "project_id": "fir-first-project-ddd27",
    "storage_bucket": "fir-first-project-ddd27.appspot.com"
  },
  "client": [
    {
      "client_info": {
        "mobilesdk_app_id": "1:185403653434:android:298185e84e53c6babba403",
        "android_client_info": {
          "package_name": "com.example.firebaseapp"
        }
      },
      "oauth_client": [
        {
          "client_id": "185403653434-vvh02eg4g1atolrkneo9a53i210f1fnk.apps.googleusercontent.com",
          "client_type": 3
        }
      ],
      "api_key": [
        {
          "current_key": "AIzaSyA0VVScuhtuPCiHX_xSILZImdtAoEnBbw4"
        }
      ],
      "services": {
        "appinvite_service": {
          "other_platform_oauth_client": [
            {
              "client_id": "185403653434-vvh02eg4g1atolrkneo9a53i210f1fnk.apps.googleusercontent.com",
              "client_type": 3
            }
          ]
        }
      }
    },
    {
      "client_info": {
        "mobilesdk_app_id": "1:185403653434:android:ef0a0a66fba9deffbba403",
        "android_client_info": {
          "package_name": "edu.uncc.assessment06"
        }
      },
      "oauth_client": [
        {
          "client_id": "185403653434-vvh02eg4g1atolrkneo9a53i210f1fnk.apps.googleusercontent.com",
          "client_type": 3
        }
      ],
      "api_key": [
        {
          "current_key": "AIzaSyA0VVScuhtuPCiHX_xSILZImdtAoEnBbw4"
        }
      ],
      "services": {
        "appinvite_service": {
          "other_platform_oauth_client": [
            {
              "client_id": "185403653434-vvh02eg4g1atolrkneo9a53i210f1fnk.apps.googleusercontent.com",
              "client_type": 3
            }
          ]
        }
      }
    },
    {
      "client_info": {
        "mobilesdk_app_id": "1:185403653434:android:276cad6314f7534bbba403",
        "android_client_info": {
          "package_name": "edu.uncc.assessment07"
        }
      },
      "oauth_client": [
        {
          "client_id": "185403653434-vvh02eg4g1atolrkneo9a53i210f1fnk.apps.googleusercontent.com",
          "client_type": 3
        }
      ],
      "api_key": [
        {
          "current_key": "AIzaSyA0VVScuhtuPCiHX_xSILZImdtAoEnBbw4"
        }
      ],
      "services": {
        "appinvite_service": {
          "other_platform_oauth_client": [
            {
              "client_id": "185403653434-vvh02eg4g1atolrkneo9a53i210f1fnk.apps.googleusercontent.com",
              "client_type": 3
            }
          ]
        }
      }
    },
    {
      "client_info": {
        "mobilesdk_app_id": "1:185403653434:android:9006e438e66896b3bba403",
        "android_client_info": {
          "package_name": "edu.uncc.hw06"
        }
      },
      "oauth_client": [
        {
          "client_id": "185403653434-vvh02eg4g1atolrkneo9a53i210f1fnk.apps.googleusercontent.com",
          "client_type": 3
        }
      ],
      "api_key": [
        {
          "current_key": "AIzaSyA0VVScuhtuPCiHX_xSILZImdtAoEnBbw4"
        }
      ],
      "services": {
        "appinvite_service": {
          "other_platform_oauth_client": [
            {
              "client_id": "185403653434-vvh02eg4g1atolrkneo9a53i210f1fnk.apps.googleusercontent.com",
              "client_type": 3
            }
          ]
        }
      }
    },
    {
      "client_info": {
        "mobilesdk_app_id": "1:185403653434:android:9eb1c8454e87e2ccbba403",
        "android_client_info": {
          "package_name": "edu.uncc.inclass07"
        }
      },
      "oauth_client": [
        {
          "client_id": "185403653434-vvh02eg4g1atolrkneo9a53i210f1fnk.apps.googleusercontent.com",
          "client_type": 3
        }
      ],
      "api_key": [
        {
          "current_key": "AIzaSyA0VVScuhtuPCiHX_xSILZImdtAoEnBbw4"
        }
      ],
      "services": {
        "appinvite_service": {
          "other_platform_oauth_client": [
            {
              "client_id": "185403653434-vvh02eg4g1atolrkneo9a53i210f1fnk.apps.googleusercontent.com",
              "client_type": 3
            }
          ]
        }
      }
    }
  ],
  "configuration_version": "1"
}